{
    "newPartField": "3.0",
    "parts": {
        "background": {
            "allowDiscardFrame": false,
            "blendMode": 0,
            "enable": true,
            "frameCount": 1,
            "height": 1125,
            "hotlinkEnable": false,
            "position": {
                "positionX": [
                    {
                        "index": 106,
                        "x": 0,
                        "y": 0
                    },
                    {
                        "index": 107,
                        "x": 750,
                        "y": 0
                    }
                ],
                "positionY": []
            },
            "positionRelationType": 1,
            "positionType": 65536,
            "positionType2": 0,
            "rotateCenter": [
                {
                    "x": 750,
                    "y": 562.5
                }
            ],
            "scale": {
                "scaleX": {
                    "pointA": [
                        {
                            "index": 106,
                            "x": 0,
                            "y": 0
                        }
                    ],
                    "pointB": [
                        {
                            "index": 107,
                            "x": 750,
                            "y": 0
                        }
                    ]
                },
                "scaleY": {
                    "pointA": [],
                    "pointB": []
                }
            },
            "stickerGroup": {
                "groupSize": 1,
                "index": 0
            },
            "targetFPS": 25,
            "targetType": "FACE",
            "width": 1500,
            "zPosition": 0
        }
    },
    "stickerType": "2D",
    "toolVersion": "Win_2.4.0",
    "totalMem": 6.44,
    "transitions": {
        "Transition1": {
            "conditions": [
                {
                    "preState": "",
                    "triggers": "H.background.appear"
                }
            ],
            "randomShow": false,
            "targets": [
                {
                    "delay": 0,
                    "fadingFrame": 0,
                    "lastingFrame": 0,
                    "loop": 0,
                    "targetPart": "background",
                    "targetState": "playing"
                }
            ]
        }
    },
    "version": "3.0"
}